<?xml version="1.0" encoding="UTF-8"?>
<!DOCTYPE suite SYSTEM "http://testng.org/testng-1.0.dtd">
<suite name="Willis Suite" parallel="none">   

	
	<parameter name="waitingTime" value="15" />
	<parameter name="testReportHTMLLogPath"  value="testreport/GenAsys"/>
	<parameter name="testReportHTMLFolderName"  value="GenAsys-Clientwise-HTML-Report"/>
	<parameter name="testReportScreenShotFolderName"  value="ScreenShot"/>
	<parameter name="domainsFilePath"  value="data/domains/DomainList.xls"/>
	
	<parameter name="environmentSheetName"  value="Environment"/>
	<parameter name="domainsSheetName"  value="ProductionDomains"/>
	<parameter name="stagingSheetName"  value="StagingDomains"/>
	<parameter name="ieDriver" value="browserdrivers/IEDriverServer.exe"/>
	<parameter name="chromeDriver" value="browserdrivers/chromedriver.exe"/>
	<parameter name="firefoxProfilePath" value="C:/selenium.profile/"/>
	<parameter name="excelFileName" value="GenAsysReport"/>
	
	<test name="SuiteSetup"> 
    	<classes> 
        	<class name="com.genasys.webdriver.WillisWebdriver"></class> 
    	</classes> 
	</test>

	<test name="GenAsys Regression Suite Tests" preserve-order="true">
	
    <classes>
    
    
    <!--<class name="com.genasys.scripts.TC65_BP_Claims_SpotCheck_WarningMsg_Validation"/>
       <class name="com.genasys.scripts.TC66_BP_Claims_Exclusion_Elapsed_ErrorWarningMsg_Validation"/>
       <class name="com.genasys.scripts.TC67_BP_Claims_Reverse_Calculation_Validation"/>
       <class name="com.genasys.scripts.TC68_BP_Claims_Record_Claim_Renewal_ClaimPayment_Validation"/>
        <class name="com.genasys.scripts.TC69_BP_Claims_Admin_Frequency_NotApplicable_Validation"/>
        <class name="com.genasys.scripts.TC70_BP_Claims_DeclarationDateGreaterThanDOL_Validation"/>
        <class name="com.genasys.scripts.TC71_BP_Claims_Excess_Period_Validation"/>
        <class name="com.genasys.scripts.TC72_BPClaims_ClaimPayment_3_MobileSponsor_Replacement_Workflow_Validation"/>
        <class name="com.genasys.scripts.TC73_BPClaims_ClaimPayment_NEWMNO_Sponsor_ClaimPayment_Validation"/>
        <class name="com.genasys.scripts.TC74_BP_Claims_WarningMsg_WithinRelapsedPeriod_Validation"/>
        <class name="com.genasys.scripts.TC75_BP_Claims_Validate_Maximum_Claimable_Amount"/>
        <class name="com.genasys.scripts.TC76_BP_Claims_Validate_Maximum_Claimable_AmountLimit_PerFrequency"/>
        <class name="com.genasys.scripts.TC77_BP_Claims_ViaTPI_Interface_HistoryGrid_BalanceFiles_Validation"/>-->
        <class name="com.genasys.scripts.TC78_GDPR_Verify_Userabletosee_Customer_Consent_Attribute"/>
      	
    </classes>	
   </test>
 </suite>
 
 
