<?xml version="1.0" encoding="UTF-8"?>
<!DOCTYPE suite SYSTEM "http://testng.org/testng-1.0.dtd">
<suite name="Willis Suite" parallel="none">   

	
	<parameter name="waitingTime" value="15" />
	<parameter name="testReportHTMLLogPath"  value="testreport/GenAsys"/>
	<parameter name="testReportHTMLFolderName"  value="GenAsys-Clientwise-HTML-Report"/>
	<parameter name="testReportScreenShotFolderName"  value="ScreenShot"/>
	<parameter name="domainsFilePath"  value="data/domains/DomainList.xls"/>
	
	<parameter name="environmentSheetName"  value="Environment"/>
	<parameter name="domainsSheetName"  value="ProductionDomains"/>
	<parameter name="stagingSheetName"  value="StagingDomains"/>
	<parameter name="ieDriver" value="browserdrivers/IEDriverServer.exe"/>
	<parameter name="chromeDriver" value="browserdrivers/chromedriver.exe"/>
	<parameter name="firefoxProfilePath" value="C:/selenium.profile/"/>
	<parameter name="excelFileName" value="GenAsysReport"/>
	
	<test name="SuiteSetup"> 
    	<classes> 
        	<class name="com.genasys.webdriver.WillisWebdriver"></class> 
    	</classes> 
	</test>

	<test name="GenAsys Regression Suite Tests" preserve-order="true">
	
    <classes>
    
    <class name="com.genasys.scripts.TC02_MTAClient_CATAus_SingleMachine_BDMTA"/>
   
    <!--<class name="com.genasys.scripts.TC01_MTAClient_CATAus_SingleMachine_CreateFMTA_Validation"/>
     <class name="com.genasys.scripts.TC02_MTAClient_CATAus_SingleMachine_BDMTA"/>
    <class name="com.genasys.scripts.TC03_MTAClient_CATAus_SingleMachine_FDMTA"/>
     <class name="com.genasys.scripts.TC04_MTAClient_CATAUs_MultipleMachine_MTA"/>
    <class name="com.genasys.scripts.TC05_MTAClient_CATAus_DisableMTAButton_Validation"/>
     <class name="com.genasys.scripts.TC06_MTAClient_CATAus_MultipleMTA_Validation"/>
     <class name="com.genasys.scripts.TC07_MTAClient_WSM_PolicyCreation_AddSingleGroup"/>
     <class name="com.genasys.scripts.TC08_MTAClient_WSM_PolicyCreation_AddMultipleGroup"/>
     <class name="com.genasys.scripts.TC09_MTAClient_WSM_PolicyCreation_ChangeValuesMTA"/>
     <class name="com.genasys.scripts.TC10_MTAClient_WSM_PolicyCreation_CancelMTA_Validation"/>
     <class name="com.genasys.scripts.TC11_MTAClient_WSM_PolicyCreation_AddDeleteGroups_Validation"/>
     <class name="com.genasys.scripts.TC12_MTAClient_WSM_PerformMTA_AfterPayment_GotGenerated"/>
     <class name="com.genasys.scripts.TC13_MTAClient_WSM_Perform_MTA_Validation"/>
     <class name="com.genasys.scripts.TC14_MTAClient_MTA_Refearral_SimpleTax_Validataion"/>
     <class name="com.genasys.scripts.TC15_MTAClient_Declined_Referral_MTA_Validation"/>
     <class name="com.genasys.scripts.TC16_MTAClient_MTA_Referral_ComplexTax_Validation"/>
     <class name="com.genasys.scripts.TC17_MTAClient_PSP_MTA_Integression_Validation"/>
     <class name="com.genasys.scripts.TC18_MTAClient_B2CSales_MTA_Offline_Payment_Validation"/>
     <class name="com.genasys.scripts.TC19_MTAClient_MTA_Policy_Renewal_Quote_Validation"/>
     <class name="com.genasys.scripts.TC20_MTAClient_VEW_PolicyMTACreation_Validation"/>
     <class name="com.genasys.scripts.TC21_MTAClient_VEW_ClaimCreation_AffinityOps_Validation"/>
     <class name="com.genasys.scripts.TC22_MTAClient_MCI_Policies_productconfiguredWithoutComplexTaxes"/>
     <class name="com.genasys.scripts.TC23_MTAClient_MCIPolicies_ProductConfigured_ComplexTaxes_Validation"/>
     <class name="com.genasys.scripts.TC24_MTAClient_Renewals_ASTTBC_CreateRenewalQuote_BeforeScheduler_Validation"/>
     <class name="com.genasys.scripts.TC25_MTAClient_VEW_BackDated_MTA_Validation"/>
     <class name="com.genasys.scripts.TC26_MTAClient_ASTTBC_B2C_MTAReferrals_OfflinePaymentproduct_Validation"/>
     <class name="com.genasys.scripts.TC27_MTAClient_Product_ASTTBC2_MTAReferrals_Validation"/>
     <class name="com.genasys.scripts.TC28_Customer_Search_Functionality_Validation"/>
     <class name="com.genasys.scripts.TC29_NB_Client_WTW_Validation"/>
     <class name="com.genasys.scripts.TC30_NB_Client_B2B_CustoSearch_Validation"/>
     <class name="com.genasys.scripts.TC31_NB_Client_B2B_PolicyCreatIONAffOpsUser"/>
     <class name="com.genasys.scripts.TC32_NB_Client_B2B_VerifywhetherB2B_Createpolicy_ClaimotherB2B_SearchPolicy_Claim"/>
     <class name="com.genasys.scripts.TC33_NB_Client_B2B_SpotCheckNotVisible_Validation"/>
     <class name="com.genasys.scripts.TC34_NB_Client_B2B_ClaimEditFormualReRun_Validation"/>
     <class name="com.genasys.scripts.TC35_Cancellation_Verify_CancellationStatus_Paymentrefund_Forothers"/>
     <class name="com.genasys.scripts.TC36_Cancellation_RefundCard_Validation"/>
     <class name="com.genasys.scripts.TC38_Cancellation_DateBeforeInceptionDate_Validation"/>
     <class name="com.genasys.scripts.TC39_Cancellation_ExpiredPolicy_Validation"/>
     <class name="com.genasys.scripts.TC40_Cancellation_PendingCancellation_Validation"/>
     <class name="com.genasys.scripts.TC41_Reports_CreateReport_InAdmin_Validation"/>
     <class name="com.genasys.scripts.TC42_Reports_SecurityAccessReport_Validation"/>
     <class name="com.genasys.scripts.TC43_Reports_Client_ReportAccessCheck_Validation"/>
     <class name="com.genasys.scripts.TC44_Reports_Client_PolicyListElementCheck_Validation"/>
     <class name="com.genasys.scripts.TC45_Reports_Check_Queue_Email_Validation"/>
     <class name="com.genasys.scripts.TC46_Reports_DisplayedReport_Validation"/>
     <class name="com.genasys.scripts.TC47_SecurityAdmin_Functionality_Validation"/>
     <class name="com.genasys.scripts.TC48_PolicyExtension_3Försäkring_Functionality_Validation"/>
     <class name="com.genasys.scripts.TC49_CT_Quote_Referred_Premium_Taxes_Policyscreen_Validation"/>
     <class name="com.genasys.scripts.TC50_CT_Subtotals_Taxes_Charges_NetPremium_Value_Displayed"/>
     <class name="com.genasys.scripts.TC51_ComplexTax_PolicyListReport_Validation"/>
     <class name="com.genasys.scripts.TC52_ComplexTax_CarrierBordereauxReport_Validation"/>
     <class name="com.genasys.scripts.TC53_ComplexTax_MTA_Tax_Validation"/>
     <class name="com.genasys.scripts.TC54_ComplexTax_QuoteReferRateOverride_Validation"/>
     <class name="com.genasys.scripts.TC55_ComplexTax_B2BOverride_Validation"/>
     <class name="com.genasys.scripts.TC56_SelfService_Renewals_Quote_Generated_Automatically_Validation"/>
     <class name="com.genasys.scripts.TC57_NonTacit_SelfService_Renewals_Quote_Generated_Validation"/>
     <class name="com.genasys.scripts.TC58_NonTacit_SelfService_Renewals_ParentPolicy_Referred_Validation"/>
     <class name="com.genasys.scripts.TC59_Accept_RenewalQuote_Referred_AfterUploadDoc_Validation"/>
     <class name="com.genasys.scripts.TC60Tacit_RenewalQuote_Referred_UploadDoc_Accept_Validation"/>
     <class name="com.genasys.scripts.TC61_Tacit_RenewalQuote_Referred_UploadDoc_Overridepremium_Validation"/>
     <class name="com.genasys.scripts.TC62_Tacit_RenewalQuote_Referred_UploadDoc_CanotOverridepremium_Validation"/>
     <class name="com.genasys.scripts.TC63_NonTacit_RenewalQuote_CreateMTA_PolicyDocument_Validation"/>
     <class name="com.genasys.scripts.TC64_QuoteReferral_ReferredTOQuoted_Validation"/>-->
 	
    </classes>	
   </test>
 </suite>
 
 
